{"cameraMode":{"drawMode":0,"name":"Shaded","section":"Shading Mode"},"sceneLighting":false,"audioPlay":false,"sceneViewState":{"showFog":false,"showMaterialUpdate":false,"showSkybox":false,"showFlares":false,"showImageEffects":false,"showParticleSystems":false,"showVisualEffectGraphs":false,"m_FxEnabled":true},"in2DMode":false,"pivot":{"x":-3.5239343643188478,"y":-7.236238479614258,"z":0.10708904266357422},"rotation":{"x":-0.0012303967960178853,"y":-0.9926493167877197,"z":0.12059760093688965,"w":-0.010129311122000218},"size":20.62596321105957,"orthographic":true}